{
  "bench_config": {
    "process_count": 4,
    "problem": {
      "name": "eil76",
      "optimal_length": 538
    },
    "algorithm": "CABC",
    "algorithm_constants": {
      "max_iterations": 4000,
      "colony_size": 80,
      "exchange_generations": 8,
      "nl_max": 5,
      "p_cp": 0.8,
      "p_rc": 0.5,
      "p_l": 0.2,
      "l_min": 2,
      "l_max_mul": 0.5,
      "r": 1.0,
      "capital_l": 2.0,
      "lowercase_q": 3,
      "k": 16.0
    },
    "benchmark_start_time_millis": 1684391948476,
    "repeat_times": 10
  },
  "benchmark_duration_millis": 4145,
  "run_results": [
    {
      "run_number": 0,
      "found_optimal_tour": false,
      "shortest_found_tour": 541,
      "iteration_reached": 4000,
      "shortest_iteration_tours": [
        [
          6,
          578
        ],
        [
          8,
          578
        ],
        [
          15,
          573
        ],
        [
          16,
          573
        ],
        [
          24,
          571
        ],
        [
          33,
          571
        ],
        [
          37,
          568
        ],
        [
          40,
          566
        ],
        [
          46,
          564
        ],
        [
          48,
          564
        ],
        [
          72,
          560
        ],
        [
          73,
          560
        ],
        [
          80,
          558
        ],
        [
          97,
          558
        ],
        [
          136,
          557
        ],
        [
          137,
          557
        ],
        [
          144,
          556
        ],
        [
          161,
          556
        ],
        [
          262,
          553
        ],
        [
          264,
          553
        ],
        [
          272,
          551
        ],
        [
          281,
          551
        ],
        [
          296,
          545
        ],
        [
          297,
          545
        ],
        [
          312,
          544
        ],
        [
          313,
          544
        ],
        [
          326,
          542
        ],
        [
          328,
          542
        ],
        [
          423,
          541
        ],
        [
          424,
          541
        ],
        [
          4000,
          541
        ]
      ],
      "avg_iter_time_non_exch_micros": 107.814285,
      "avg_iter_time_exch_micros": 137.06212,
      "duration_millis": 448
    },
    {
      "run_number": 1,
      "found_optimal_tour": false,
      "shortest_found_tour": 543,
      "iteration_reached": 4000,
      "shortest_iteration_tours": [
        [
          4,
          600
        ],
        [
          5,
          594
        ],
        [
          6,
          589
        ],
        [
          8,
          580
        ],
        [
          9,
          580
        ],
        [
          15,
          576
        ],
        [
          16,
          576
        ],
        [
          24,
          571
        ],
        [
          25,
          571
        ],
        [
          45,
          563
        ],
        [
          48,
          563
        ],
        [
          64,
          561
        ],
        [
          65,
          561
        ],
        [
          96,
          558
        ],
        [
          104,
          556
        ],
        [
          113,
          556
        ],
        [
          142,
          555
        ],
        [
          144,
          553
        ],
        [
          153,
          553
        ],
        [
          196,
          551
        ],
        [
          200,
          551
        ],
        [
          256,
          549
        ],
        [
          257,
          549
        ],
        [
          320,
          548
        ],
        [
          321,
          548
        ],
        [
          375,
          546
        ],
        [
          376,
          546
        ],
        [
          377,
          545
        ],
        [
          384,
          545
        ],
        [
          522,
          544
        ],
        [
          528,
          544
        ],
        [
          1976,
          543
        ],
        [
          1977,
          543
        ],
        [
          4000,
          543
        ]
      ],
      "avg_iter_time_non_exch_micros": 110.064575,
      "avg_iter_time_exch_micros": 138.83167,
      "duration_millis": 456
    },
    {
      "run_number": 2,
      "found_optimal_tour": false,
      "shortest_found_tour": 544,
      "iteration_reached": 4000,
      "shortest_iteration_tours": [
        [
          3,
          596
        ],
        [
          8,
          593
        ],
        [
          13,
          594
        ],
        [
          14,
          588
        ],
        [
          16,
          588
        ],
        [
          24,
          582
        ],
        [
          25,
          583
        ],
        [
          33,
          582
        ],
        [
          34,
          580
        ],
        [
          40,
          574
        ],
        [
          41,
          574
        ],
        [
          46,
          571
        ],
        [
          48,
          571
        ],
        [
          50,
          569
        ],
        [
          56,
          569
        ],
        [
          65,
          567
        ],
        [
          72,
          567
        ],
        [
          89,
          562
        ],
        [
          95,
          557
        ],
        [
          96,
          557
        ],
        [
          136,
          552
        ],
        [
          153,
          552
        ],
        [
          209,
          551
        ],
        [
          216,
          551
        ],
        [
          232,
          550
        ],
        [
          233,
          550
        ],
        [
          257,
          548
        ],
        [
          264,
          548
        ],
        [
          312,
          547
        ],
        [
          344,
          546
        ],
        [
          369,
          546
        ],
        [
          400,
          545
        ],
        [
          401,
          545
        ],
        [
          532,
          544
        ],
        [
          536,
          544
        ],
        [
          4000,
          544
        ]
      ],
      "avg_iter_time_non_exch_micros": 106.78771,
      "avg_iter_time_exch_micros": 135.31062,
      "duration_millis": 443
    },
    {
      "run_number": 3,
      "found_optimal_tour": false,
      "shortest_found_tour": 543,
      "iteration_reached": 4000,
      "shortest_iteration_tours": [
        [
          4,
          591
        ],
        [
          6,
          588
        ],
        [
          8,
          588
        ],
        [
          9,
          576
        ],
        [
          16,
          576
        ],
        [
          32,
          572
        ],
        [
          33,
          574
        ],
        [
          41,
          572
        ],
        [
          48,
          569
        ],
        [
          49,
          569
        ],
        [
          54,
          562
        ],
        [
          56,
          562
        ],
        [
          83,
          560
        ],
        [
          88,
          560
        ],
        [
          128,
          556
        ],
        [
          129,
          557
        ],
        [
          144,
          552
        ],
        [
          145,
          552
        ],
        [
          189,
          548
        ],
        [
          192,
          548
        ],
        [
          224,
          545
        ],
        [
          233,
          545
        ],
        [
          288,
          543
        ],
        [
          289,
          543
        ],
        [
          4000,
          543
        ]
      ],
      "avg_iter_time_non_exch_micros": 110.24943,