{
  "bench_config": {
    "process_count": 6,
    "problem": {
      "name": "eil76",
      "optimal_length": 538
    },
    "algorithm": "CABC",
    "algorithm_constants": {
      "max_iterations": 4000,
      "colony_size": 40,
      "exchange_generations": 32,
      "nl_max": 5,
      "p_cp": 0.8,
      "p_rc": 0.5,
      "p_l": 0.2,
      "l_min": 2,
      "l_max_mul": 0.5,
      "r": 1.0,
      "capital_l": 3.0,
      "lowercase_q": 3,
      "k": 16.0
    },
    "benchmark_start_time_millis": 1684229040624,
    "repeat_times": 10
  },
  "benchmark_duration_millis": 2407,
  "run_results": [
    {
      "run_number": 0,
      "found_optimal_tour": false,
      "shortest_found_tour": 543,
      "iteration_reached": 4000,
      "shortest_iteration_tours": [
        [
          3,
          595
        ],
        [
          9,
          593
        ],
        [
          17,
          592
        ],
        [
          28,
          582
        ],
        [
          32,
          582
        ],
        [
          35,
          571
        ],
        [
          64,
          571
        ],
        [
          89,
          568
        ],
        [
          91,
          566
        ],
        [
          96,
          566
        ],
        [
          122,
          562
        ],
        [
          128,
          562
        ],
        [
          152,
          560
        ],
        [
          160,
          558
        ],
        [
          161,
          559
        ],
        [
          193,
          558
        ],
        [
          224,
          556
        ],
        [
          230,
          555
        ],
        [
          256,
          555
        ],
        [
          258,
          550
        ],
        [
          280,
          548
        ],
        [
          288,
          548
        ],
        [
          353,
          547
        ],
        [
          384,
          547
        ],
        [
          480,
          545
        ],
        [
          481,
          545
        ],
        [
          576,
          544
        ],
        [
          577,
          544
        ],
        [
          1462,
          543
        ],
        [
          1472,
          543
        ],
        [
          4000,
          543
        ]
      ],
      "avg_iter_time_non_exch_micros": 60.719482,
      "avg_iter_time_exch_micros": 145.91936,
      "duration_millis": 255
    },
    {
      "run_number": 1,
      "found_optimal_tour": false,
      "shortest_found_tour": 541,
      "iteration_reached": 4000,
      "shortest_iteration_tours": [
        [
          3,
          595
        ],
        [
          6,
          592
        ],
        [
          7,
          585
        ],
        [
          32,
          574
        ],
        [
          45,
          580
        ],
        [
          57,
          575
        ],
        [
          64,
          562
        ],
        [
          85,
          567
        ],
        [
          96,
          557
        ],
        [
          97,
          557
        ],
        [
          128,
          554
        ],
        [
          160,
          553
        ],
        [
          192,
          550
        ],
        [
          193,
          550
        ],
        [
          272,
          549
        ],
        [
          288,
          549
        ],
        [
          320,
          547
        ],
        [
          321,
          547
        ],
        [
          416,
          546
        ],
        [
          417,
          546
        ],
        [
          796,
          545
        ],
        [
          800,
          545
        ],
        [
          1056,
          544
        ],
        [
          1057,
          544
        ],
        [
          1184,
          542
        ],
        [
          1185,
          542
        ],
        [
          1197,
          541
        ],
        [
          1216,
          541
        ],
        [
          4000,
          541
        ]
      ],
      "avg_iter_time_non_exch_micros": 60.66632,
      "avg_iter_time_exch_micros": 143.99193,
      "duration_millis": 255
    },
    {
      "run_number": 2,
      "found_optimal_tour": false,
      "shortest_found_tour": 543,
      "iteration_reached": 4000,
      "shortest_iteration_tours": [
        [
          3,
          594
        ],
        [
          32,
          582
        ],
        [
          33,
          586
        ],
        [
          64,
          576
        ],
        [
          88,
          583
        ],
        [
          93,
          578
        ],
        [
          96,
          564
        ],
        [
          128,
          562
        ],
        [
          129,
          564
        ],
        [
          160,
          561
        ],
        [
          161,
          563
        ],
        [
          192,
          554
        ],
        [
          193,
          554
        ],
        [
          224,
          553
        ],
        [
          225,
          553
        ],
        [
          244,
          552
        ],
        [
          256,
          547
        ],
        [
          262,
          547
        ],
        [
          311,
          545
        ],
        [
          320,
          545
        ],
        [
          384,
          544
        ],
        [
          385,
          544
        ],
        [
          672,
          543
        ],
        [
          673,
          543
        ],
        [
          4000,
          543
        ]
      ],
      "avg_iter_time_non_exch_micros": 60.40439,
      "avg_iter_time_exch_micros": 142.66129,
      "duration_millis": 254
    },
    {
      "run_number": 3,
      "found_optimal_tour": false,
      "shortest_found_tour": 543,
      "iteration_reached": 4000,
      "shortest_iteration_tours": [
        [
          4,
          590
        ],
        [
          5,
          588
        ],
        [
          6,
          582
        ],
        [
          29,
          580
        ],
        [
          32,
          572
        ],
        [
          33,
          579
        ],
        [
          53,
          575
        ],
        [
          54,
          573
        ],
        [
          64,
          565
        ],
        [
          65,
          565
        ],
        [
          75,
          564
        ],
        [
          96,
          560
        ],
        [
          128,
          557
        ],
        [
          161,
          559
        ],
        [
          190,
          558
        ],
        [
          224,
          554
        ],
        [
          225,
          557
        ],
        [
          229,
          556
        ],
        [
          289,
          554
        ],
        [
          320,
          550
        ],
        [
          321,
          550
        ],
        [
          512,
          549
        ],
        [
          513,
          549
        ],
        [
          544,
          548
        ],
        [
          567,
          548
        ],
        [
          640,
          545
        ],
        [
          641,
          545
        ],
        [
          960,
          544
        ],
        [
          961,
          544
        ],
        [
          1120,
          543
        ],
        [
          1121,
          543
        ],
        [
          4000,
          543
        ]
      ],
      "avg_iter_time_non_exch_micros": 59.78658,
      "avg_iter_time_exch_micros": 140.16129,
      "duration_millis": 251
    },
    {
      "run_number": 4,
      "found_optimal_tour": true,
      "shortest_found_tour": 541,
      "iteration_reached": 3168,