{
  "bench_config": {
    "process_count": 8,
    "problem": {
      "name": "eil76",
      "optimal_length": 538
    },
    "algorithm": "CABC",
    "algorithm_constants": {
      "max_iterations": 4000,
      "colony_size": 40,
      "exchange_generations": 32,
      "nl_max": 5,
      "p_cp": 0.8,
      "p_rc": 0.5,
      "p_l": 0.2,
      "l_min": 2,
      "l_max_mul": 0.5,
      "r": 1.0,
      "capital_l": 2.0,
      "lowercase_q": 3,
      "k": 16.0
    },
    "benchmark_start_time_millis": 1684229039645,
    "repeat_times": 10
  },
  "benchmark_duration_millis": 2229,
  "run_results": [
    {
      "run_number": 0,
      "found_optimal_tour": false,
      "shortest_found_tour": 542,
      "iteration_reached": 4000,
      "shortest_iteration_tours": [
        [
          5,
          598
        ],
        [
          14,
          592
        ],
        [
          29,
          585
        ],
        [
          32,
          563
        ],
        [
          33,
          580
        ],
        [
          34,
          574
        ],
        [
          41,
          573
        ],
        [
          53,
          572
        ],
        [
          61,
          570
        ],
        [
          84,
          569
        ],
        [
          96,
          561
        ],
        [
          101,
          567
        ],
        [
          131,
          564
        ],
        [
          138,
          558
        ],
        [
          160,
          555
        ],
        [
          161,
          555
        ],
        [
          224,
          554
        ],
        [
          240,
          554
        ],
        [
          256,
          553
        ],
        [
          293,
          551
        ],
        [
          298,
          550
        ],
        [
          320,
          550
        ],
        [
          354,
          548
        ],
        [
          384,
          548
        ],
        [
          416,
          547
        ],
        [
          481,
          547
        ],
        [
          608,
          543
        ],
        [
          609,
          544
        ],
        [
          641,
          543
        ],
        [
          768,
          542
        ],
        [
          769,
          542
        ],
        [
          4000,
          542
        ]
      ],
      "avg_iter_time_non_exch_micros": 59.511482,
      "avg_iter_time_exch_micros": 200.78226,
      "duration_millis": 257
    },
    {
      "run_number": 1,
      "found_optimal_tour": true,
      "shortest_found_tour": 541,
      "iteration_reached": 1056,
      "shortest_iteration_tours": [
        [
          21,
          586
        ],
        [
          29,
          581
        ],
        [
          30,
          571
        ],
        [
          32,
          571
        ],
        [
          64,
          562
        ],
        [
          65,
          565
        ],
        [
          71,
          564
        ],
        [
          72,
          563
        ],
        [
          81,
          560
        ],
        [
          96,
          558
        ],
        [
          97,
          558
        ],
        [
          128,
          554
        ],
        [
          129,
          554
        ],
        [
          192,
          553
        ],
        [
          193,
          553
        ],
        [
          224,
          550
        ],
        [
          225,
          550
        ],
        [
          256,
          549
        ],
        [
          288,
          547
        ],
        [
          289,
          547
        ],
        [
          320,
          546
        ],
        [
          353,
          546
        ],
        [
          418,
          545
        ],
        [
          448,
          545
        ],
        [
          467,
          544
        ],
        [
          480,
          544
        ],
        [
          576,
          543
        ],
        [
          577,
          543
        ],
        [
          928,
          541
        ],
        [
          929,
          541
        ],
        [
          1056,
          538
        ]
      ],
      "avg_iter_time_non_exch_micros": 61.81036,
      "avg_iter_time_exch_micros": 199.25,
      "duration_millis": 70
    },
    {
      "run_number": 2,
      "found_optimal_tour": false,
      "shortest_found_tour": 541,
      "iteration_reached": 4000,
      "shortest_iteration_tours": [
        [
          1,
          593
        ],
        [
          10,
          589
        ],
        [
          23,
          580
        ],
        [
          32,
          575
        ],
        [
          42,
          571
        ],
        [
          48,
          569
        ],
        [
          60,
          565
        ],
        [
          64,
          565
        ],
        [
          73,
          564
        ],
        [
          91,
          563
        ],
        [
          96,
          563
        ],
        [
          116,
          562
        ],
        [
          128,
          554
        ],
        [
          152,
          559
        ],
        [
          224,
          553
        ],
        [
          257,
          553
        ],
        [
          320,
          547
        ],
        [
          321,
          550
        ],
        [
          384,
          545
        ],
        [
          385,
          548
        ],
        [
          399,
          547
        ],
        [
          416,
          544
        ],
        [
          449,
          544
        ],
        [
          512,
          541
        ],
        [
          577,
          541
        ],
        [
          4000,
          541
        ]
      ],
      "avg_iter_time_non_exch_micros": 60.124386,
      "avg_iter_time_exch_micros": 200.80646,
      "duration_millis": 260
    },
    {
      "run_number": 3,
      "found_optimal_tour": false,
      "shortest_found_tour": 543,
      "iteration_reached": 4000,
      "shortest_iteration_tours": [
        [
          13,
          599
        ],
        [
          20,
          598
        ],
        [
          28,
          583
        ],
        [
          32,
          578
        ],
        [
          35,
          582
        ],
        [
          44,
          571
        ],
        [
          64,
          569
        ],
        [
          83,
          570
        ],
        [
          96,
          565
        ],
        [
          100,
          567
        ],
        [
          128,
          558
        ],
        [
          129,
          564
        ],
        [
          137,
          560
        ],
        [
          192,
          547
        ],
        [
          225,
          547
        ],
        [
          320,
          546
        ],
        [
          321,
          546
        ],
        [
          1056,
          544
        ],
        [
          1057,
          544
        ],
        [
          1216,
          543
        ],
        [
          1217,
          543
        ],
        [
          4000,
          543
        ]
      ],
      "avg_iter_time_non_exch_micros": 59.109676,
      "avg_iter_time_exch_micros": 198.55646,
      "duration_millis": 256
    },
    {
      "run_number": 4,
      "found_optimal_tour": false,
      "shortest_found_tour": 541,
      "iteration_reached": 4000,