{
  "bench_config": {
    "process_count": 4,
    "problem": {
      "name": "eil51",
      "optimal_length": 426
    },
    "algorithm": "CABC",
    "algorithm_constants": {
      "max_iterations": 4000,
      "colony_size": 20,
      "exchange_generations": 8,
      "nl_max": 5,
      "p_cp": 0.8,
      "p_rc": 0.5,
      "p_l": 0.2,
      "l_min": 2,
      "l_max_mul": 0.5,
      "r": 1.0,
      "capital_l": 2.0,
      "lowercase_q": 3,
      "k": 16.0
    },
    "benchmark_start_time_millis": 1684570006676,
    "repeat_times": 10
  },
  "benchmark_duration_millis": 608,
  "run_results": [
    {
      "run_number": 0,
      "found_optimal_tour": false,
      "shortest_found_tour": 428,
      "iteration_reached": 4000,
      "shortest_iteration_tours": [
        [
          2,
          472
        ],
        [
          6,
          464
        ],
        [
          8,
          464
        ],
        [
          32,
          463
        ],
        [
          33,
          463
        ],
        [
          34,
          461
        ],
        [
          36,
          456
        ],
        [
          40,
          453
        ],
        [
          41,
          453
        ],
        [
          56,
          447
        ],
        [
          57,
          447
        ],
        [
          72,
          446
        ],
        [
          80,
          439
        ],
        [
          87,
          446
        ],
        [
          89,
          439
        ],
        [
          90,
          438
        ],
        [
          96,
          438
        ],
        [
          104,
          437
        ],
        [
          113,
          437
        ],
        [
          120,
          435
        ],
        [
          128,
          434
        ],
        [
          129,
          434
        ],
        [
          160,
          432
        ],
        [
          161,
          432
        ],
        [
          185,
          431
        ],
        [
          192,
          431
        ],
        [
          208,
          429
        ],
        [
          213,
          430
        ],
        [
          217,
          429
        ],
        [
          280,
          428
        ],
        [
          297,
          428
        ],
        [
          4000,
          428
        ]
      ],
      "avg_iter_time_non_exch_micros": 15.523714,
      "avg_iter_time_exch_micros": 48.252506,
      "duration_millis": 80
    },
    {
      "run_number": 1,
      "found_optimal_tour": true,
      "shortest_found_tour": 427,
      "iteration_reached": 360,
      "shortest_iteration_tours": [
        [
          2,
          497
        ],
        [
          3,
          486
        ],
        [
          8,
          465
        ],
        [
          9,
          465
        ],
        [
          16,
          449
        ],
        [
          17,
          449
        ],
        [
          21,
          446
        ],
        [
          24,
          446
        ],
        [
          40,
          445
        ],
        [
          41,
          445
        ],
        [
          48,
          438
        ],
        [
          49,
          438
        ],
        [
          62,
          433
        ],
        [
          64,
          433
        ],
        [
          96,
          431
        ],
        [
          97,
          431
        ],
        [
          136,
          430
        ],
        [
          145,
          430
        ],
        [
          152,
          429
        ],
        [
          153,
          429
        ],
        [
          224,
          428
        ],
        [
          225,
          428
        ],
        [
          254,
          427
        ],
        [
          256,
          427
        ],
        [
          360,
          426
        ]
      ],
      "avg_iter_time_non_exch_micros": 17.787302,
      "avg_iter_time_exch_micros": 28.59091,
      "duration_millis": 7
    },
    {
      "run_number": 2,
      "found_optimal_tour": false,
      "shortest_found_tour": 427,
      "iteration_reached": 4000,
      "shortest_iteration_tours": [
        [
          8,
          464
        ],
        [
          9,
          464
        ],
        [
          15,
          460
        ],
        [
          16,
          451
        ],
        [
          17,
          451
        ],
        [
          22,
          443
        ],
        [
          24,
          443
        ],
        [
          32,
          439
        ],
        [
          36,
          442
        ],
        [
          37,
          439
        ],
        [
          40,
          435
        ],
        [
          49,
          438
        ],
        [
          72,
          430
        ],
        [
          73,
          430
        ],
        [
          142,
          429
        ],
        [
          144,
          429
        ],
        [
          192,
          428
        ],
        [
          201,
          428
        ],
        [
          3688,
          427
        ],
        [
          3705,
          427
        ],
        [
          4000,
          427
        ]
      ],
      "avg_iter_time_non_exch_micros": 15.359143,
      "avg_iter_time_exch_micros": 28.064129,
      "duration_millis": 69
    },
    {
      "run_number": 3,
      "found_optimal_tour": false,
      "shortest_found_tour": 427,
      "iteration_reached": 4000,
      "shortest_iteration_tours": [
        [
          3,
          465
        ],
        [
          8,
          465
        ],
        [
          24,
          459
        ],
        [
          25,
          462
        ],
        [
          29,
          454
        ],
        [
          32,
          454
        ],
        [
          40,
          451
        ],
        [
          48,
          445
        ],
        [
          49,
          451
        ],
        [
          50,
          446
        ],
        [
          56,
          443
        ],
        [
          57,
          445
        ],
        [
          64,
          441
        ],
        [
          69,
          443
        ],
        [
          73,
          441
        ],
        [
          80,
          439
        ],
        [
          81,
          439
        ],
        [
          90,
          438
        ],
        [
          96,
          438
        ],
        [
          120,
          436
        ],
        [
          129,
          436
        ],
        [
          136,
          435
        ],
        [
          137,
          435
        ],
        [
          150,
          433
        ],
        [
          152,
          433
        ],
        [
          168,
          432
        ],
        [
          169,
          432
        ],
        [
          224,
          430
        ],
        [
          225,
          430
        ],
        [
          280,
          429
        ],
        [
          281,
          429
        ],
        [
          344,
          428
        ],
        [
          345,
          428
        ],
        [
          921,
          427
        ],
        [
          928,
          427
        ],
        [
          4000,
          427
        ]
      ],
      "avg_iter_time_non_exch_micros": 15.460857,
      "avg_iter_time_exch_micros": 27.490982,
      "duration_millis": 70
    },
    {
      "run_number": 4,
      "found_optimal_tour": false,
      "shortest_found_tour": 428,
      "iteration_reached": 4000,