{
  "bench_config": {
    "process_count": 4,
    "problem": {
      "name": "eil76",
      "optimal_length": 538
    },
    "algorithm": "CABC",
    "algorithm_constants": {
      "max_iterations": 4000,
      "colony_size": 20,
      "exchange_generations": 8,
      "nl_max": 5,
      "p_cp": 0.8,
      "p_rc": 0.5,
      "p_l": 0.2,
      "l_min": 2,
      "l_max_mul": 0.5,
      "r": 1.0,
      "capital_l": 2.0,
      "lowercase_q": 3,
      "k": 16.0
    },
    "benchmark_start_time_millis": 1684570010616,
    "repeat_times": 10
  },
  "benchmark_duration_millis": 978,
  "run_results": [
    {
      "run_number": 0,
      "found_optimal_tour": false,
      "shortest_found_tour": 542,
      "iteration_reached": 4000,
      "shortest_iteration_tours": [
        [
          8,
          586
        ],
        [
          9,
          586
        ],
        [
          15,
          584
        ],
        [
          16,
          581
        ],
        [
          26,
          576
        ],
        [
          32,
          576
        ],
        [
          45,
          575
        ],
        [
          48,
          575
        ],
        [
          53,
          565
        ],
        [
          56,
          565
        ],
        [
          70,
          562
        ],
        [
          72,
          562
        ],
        [
          128,
          561
        ],
        [
          144,
          557
        ],
        [
          145,
          557
        ],
        [
          184,
          556
        ],
        [
          185,
          556
        ],
        [
          200,
          554
        ],
        [
          201,
          554
        ],
        [
          216,
          553
        ],
        [
          217,
          553
        ],
        [
          248,
          552
        ],
        [
          249,
          552
        ],
        [
          304,
          551
        ],
        [
          305,
          551
        ],
        [
          951,
          550
        ],
        [
          952,
          550
        ],
        [
          1046,
          543
        ],
        [
          1048,
          543
        ],
        [
          1200,
          542
        ],
        [
          4000,
          542
        ]
      ],
      "avg_iter_time_non_exch_micros": 21.352858,
      "avg_iter_time_exch_micros": 46.210423,
      "duration_millis": 100
    },
    {
      "run_number": 1,
      "found_optimal_tour": false,
      "shortest_found_tour": 547,
      "iteration_reached": 4000,
      "shortest_iteration_tours": [
        [
          3,
          589
        ],
        [
          8,
          589
        ],
        [
          12,
          586
        ],
        [
          16,
          586
        ],
        [
          32,
          578
        ],
        [
          36,
          584
        ],
        [
          39,
          575
        ],
        [
          40,
          575
        ],
        [
          56,
          568
        ],
        [
          57,
          573
        ],
        [
          64,
          563
        ],
        [
          65,
          563
        ],
        [
          68,
          555
        ],
        [
          72,
          555
        ],
        [
          120,
          552
        ],
        [
          129,
          553
        ],
        [
          145,
          552
        ],
        [
          176,
          551
        ],
        [
          192,
          550
        ],
        [
          209,
          550
        ],
        [
          216,
          549
        ],
        [
          230,
          549
        ],
        [
          240,
          548
        ],
        [
          249,
          548
        ],
        [
          256,
          547
        ],
        [
          257,
          547
        ],
        [
          4000,
          547
        ]
      ],
      "avg_iter_time_non_exch_micros": 20.868856,
      "avg_iter_time_exch_micros": 44.683365,
      "duration_millis": 97
    },
    {
      "run_number": 2,
      "found_optimal_tour": false,
      "shortest_found_tour": 549,
      "iteration_reached": 4000,
      "shortest_iteration_tours": [
        [
          8,
          596
        ],
        [
          9,
          598
        ],
        [
          13,
          588
        ],
        [
          16,
          588
        ],
        [
          34,
          585
        ],
        [
          40,
          583
        ],
        [
          41,
          583
        ],
        [
          44,
          581
        ],
        [
          48,
          579
        ],
        [
          56,
          577
        ],
        [
          57,
          579
        ],
        [
          64,
          573
        ],
        [
          65,
          577
        ],
        [
          72,
          566
        ],
        [
          73,
          566
        ],
        [
          80,
          564
        ],
        [
          96,
          559
        ],
        [
          97,
          563
        ],
        [
          104,
          557
        ],
        [
          109,
          559
        ],
        [
          145,
          557
        ],
        [
          152,
          553
        ],
        [
          160,
          552
        ],
        [
          165,
          552
        ],
        [
          168,
          550
        ],
        [
          177,
          550
        ],
        [
          200,
          549
        ],
        [
          209,
          549
        ],
        [
          4000,
          549
        ]
      ],
      "avg_iter_time_non_exch_micros": 20.779142,
      "avg_iter_time_exch_micros": 45.41082,
      "duration_millis": 97
    },
    {
      "run_number": 3,
      "found_optimal_tour": false,
      "shortest_found_tour": 548,
      "iteration_reached": 4000,
      "shortest_iteration_tours": [
        [
          8,
          596
        ],
        [
          16,
          593
        ],
        [
          21,
          594
        ],
        [
          22,
          592
        ],
        [
          24,
          578
        ],
        [
          28,
          587
        ],
        [
          30,
          580
        ],
        [
          32,
          576
        ],
        [
          40,
          574
        ],
        [
          41,
          574
        ],
        [
          47,
          572
        ],
        [
          48,
          572
        ],
        [
          56,
          563
        ],
        [
          57,
          571
        ],
        [
          65,
          563
        ],
        [
          87,
          561
        ],
        [
          88,
          560
        ],
        [
          99,
          557
        ],
        [
          104,
          557
        ],
        [
          113,
          556
        ],
        [
          120,
          556
        ],
        [
          132,
          553
        ],
        [
          136,
          553
        ],
        [
          160,
          549
        ],
        [
          185,
          552
        ],
        [
          193,
          549
        ],
        [
          256,
          548
        ],
        [
          257,
          548
        ],
        [
          4000,
          548
        ]
      ],
      "avg_iter_time_non_exch_micros": 20.856285,
      "avg_iter_time_exch_micros": 45.108215,
      "duration_millis": 97
    },
    {
      "run_number": 4,
      "found_optimal_tour": false,
      "shortest_found_tour": 549,
      "iteration_reached": 4000,