{
  "bench_config": {
    "process_count": 6,
    "problem": {
      "name": "eil76",
      "optimal_length": 538
    },
    "algorithm": "CABC",
    "algorithm_constants": {
      "max_iterations": 4000,
      "colony_size": 40,
      "exchange_generations": 8,
      "nl_max": 5,
      "p_cp": 0.8,
      "p_rc": 0.5,
      "p_l": 0.2,
      "l_min": 2,
      "l_max_mul": 0.5,
      "r": 1.0,
      "capital_l": 3.0,
      "lowercase_q": 3,
      "k": 16.0
    },
    "benchmark_start_time_millis": 1684229037852,
    "repeat_times": 10
  },
  "benchmark_duration_millis": 2769,
  "run_results": [
    {
      "run_number": 0,
      "found_optimal_tour": false,
      "shortest_found_tour": 542,
      "iteration_reached": 4000,
      "shortest_iteration_tours": [
        [
          3,
          595
        ],
        [
          8,
          592
        ],
        [
          16,
          582
        ],
        [
          17,
          591
        ],
        [
          24,
          577
        ],
        [
          25,
          589
        ],
        [
          32,
          585
        ],
        [
          40,
          571
        ],
        [
          41,
          577
        ],
        [
          48,
          567
        ],
        [
          57,
          567
        ],
        [
          64,
          559
        ],
        [
          71,
          565
        ],
        [
          73,
          561
        ],
        [
          81,
          559
        ],
        [
          96,
          558
        ],
        [
          97,
          558
        ],
        [
          112,
          554
        ],
        [
          113,
          554
        ],
        [
          120,
          549
        ],
        [
          121,
          552
        ],
        [
          129,
          549
        ],
        [
          144,
          546
        ],
        [
          145,
          546
        ],
        [
          176,
          544
        ],
        [
          177,
          544
        ],
        [
          212,
          543
        ],
        [
          216,
          543
        ],
        [
          224,
          542
        ],
        [
          225,
          542
        ],
        [
          4000,
          542
        ]
      ],
      "avg_iter_time_non_exch_micros": 59.387142,
      "avg_iter_time_exch_micros": 137.16032,
      "duration_millis": 278
    },
    {
      "run_number": 1,
      "found_optimal_tour": false,
      "shortest_found_tour": 543,
      "iteration_reached": 4000,
      "shortest_iteration_tours": [
        [
          8,
          585
        ],
        [
          9,
          598
        ],
        [
          13,
          597
        ],
        [
          16,
          578
        ],
        [
          17,
          592
        ],
        [
          20,
          591
        ],
        [
          24,
          573
        ],
        [
          25,
          576
        ],
        [
          30,
          570
        ],
        [
          32,
          570
        ],
        [
          40,
          566
        ],
        [
          49,
          568
        ],
        [
          56,
          565
        ],
        [
          57,
          566
        ],
        [
          72,
          561
        ],
        [
          73,
          562
        ],
        [
          80,
          558
        ],
        [
          89,
          558
        ],
        [
          96,
          554
        ],
        [
          97,
          554
        ],
        [
          115,
          552
        ],
        [
          120,
          552
        ],
        [
          128,
          551
        ],
        [
          129,
          551
        ],
        [
          400,
          550
        ],
        [
          401,
          550
        ],
        [
          416,
          549
        ],
        [
          417,
          549
        ],
        [
          424,
          543
        ],
        [
          425,
          543
        ],
        [
          4000,
          543
        ]
      ],
      "avg_iter_time_non_exch_micros": 59.37143,
      "avg_iter_time_exch_micros": 133.84169,
      "duration_millis": 276
    },
    {
      "run_number": 2,
      "found_optimal_tour": false,
      "shortest_found_tour": 546,
      "iteration_reached": 4000,
      "shortest_iteration_tours": [
        [
          8,
          587
        ],
        [
          9,
          587
        ],
        [
          12,
          579
        ],
        [
          16,
          579
        ],
        [
          40,
          569
        ],
        [
          43,
          578
        ],
        [
          49,
          569
        ],
        [
          65,
          565
        ],
        [
          72,
          565
        ],
        [
          87,
          564
        ],
        [
          88,
          561
        ],
        [
          112,
          558
        ],
        [
          121,
          558
        ],
        [
          128,
          557
        ],
        [
          136,
          555
        ],
        [
          144,
          553
        ],
        [
          145,
          553
        ],
        [
          160,
          552
        ],
        [
          161,
          552
        ],
        [
          232,
          551
        ],
        [
          233,
          551
        ],
        [
          3664,
          547
        ],
        [
          3665,
          547
        ],
        [
          3703,
          546
        ],
        [
          3704,
          546
        ],
        [
          4000,
          546
        ]
      ],
      "avg_iter_time_non_exch_micros": 58.87057,
      "avg_iter_time_exch_micros": 133.497,
      "duration_millis": 274
    },
    {
      "run_number": 3,
      "found_optimal_tour": false,
      "shortest_found_tour": 543,
      "iteration_reached": 4000,
      "shortest_iteration_tours": [
        [
          8,
          583
        ],
        [
          12,
          596
        ],
        [
          20,
          592
        ],
        [
          24,
          580
        ],
        [
          25,
          580
        ],
        [
          32,
          578
        ],
        [
          40,
          570
        ],
        [
          41,
          570
        ],
        [
          64,
          567
        ],
        [
          65,
          561
        ],
        [
          72,
          561
        ],
        [
          88,
          559
        ],
        [
          96,
          557
        ],
        [
          105,
          557
        ],
        [
          120,
          555
        ],
        [
          128,
          552
        ],
        [
          136,
          550
        ],
        [
          137,
          550
        ],
        [
          166,
          547
        ],
        [
          168,
          547
        ],
        [
          205,
          546
        ],
        [
          208,
          546
        ],
        [
          216,
          545
        ],
        [
          217,
          545
        ],
        [
          232,
          544
        ],
        [
          233,
          544
        ],
        [
          264,
          543
        ],
        [
          265,
          543
        ],
        [
          4000,
          543
        ]
      ],
      "avg_iter_time_non_exch_micros": 58.51,
      "avg_iter_time_exch_micros": 131.9539,
      "duration_millis": 273
    },
    {
      "run_number": 4,
      "found_optimal_tour": false,
      "shortest_found_tour": 541,
      "iteration_reached": 4000,