{
  "bench_config": {
    "process_count": 4,
    "problem": {
      "name": "kroA100",
      "optimal_length": 21282
    },
    "algorithm": "CABC",
    "algorithm_constants": {
      "max_iterations": 4000,
      "colony_size": 80,
      "exchange_generations": 4,
      "nl_max": 5,
      "p_cp": 0.8,
      "p_rc": 0.5,
      "p_l": 0.2,
      "l_min": 2,
      "l_max_mul": 0.5,
      "r": 1.0,
      "capital_l": 2.0,
      "lowercase_q": 3,
      "k": 16.0
    },
    "benchmark_start_time_millis": 1685255897146,
    "repeat_times": 10
  },
  "benchmark_duration_millis": 8938,
  "run_results": [
    {
      "run_number": 0,
      "found_optimal_tour": false,
      "shortest_found_tour": 21292,
      "iteration_reached": 4000,
      "shortest_iteration_tours": [
        [
          1,
          25760
        ],
        [
          2,
          25617
        ],
        [
          4,
          24632
        ],
        [
          8,
          23798
        ],
        [
          12,
          23676
        ],
        [
          13,
          23490
        ],
        [
          20,
          23127
        ],
        [
          32,
          22814
        ],
        [
          40,
          22812
        ],
        [
          44,
          22776
        ],
        [
          48,
          22755
        ],
        [
          50,
          22712
        ],
        [
          52,
          22472
        ],
        [
          56,
          22311
        ],
        [
          68,
          22210
        ],
        [
          78,
          22203
        ],
        [
          80,
          21866
        ],
        [
          84,
          21767
        ],
        [
          104,
          21659
        ],
        [
          116,
          21649
        ],
        [
          120,
          21637
        ],
        [
          124,
          21625
        ],
        [
          144,
          21507
        ],
        [
          152,
          21399
        ],
        [
          180,
          21385
        ],
        [
          223,
          21373
        ],
        [
          3544,
          21305
        ],
        [
          3564,
          21292
        ],
        [
          4000,
          21292
        ]
      ],
      "avg_iter_time_non_exch_micros": 207.03967,
      "avg_iter_time_exch_micros": 367.64264,
      "duration_millis": 991
    },
    {
      "run_number": 1,
      "found_optimal_tour": false,
      "shortest_found_tour": 21292,
      "iteration_reached": 4000,
      "shortest_iteration_tours": [
        [
          1,
          24698
        ],
        [
          8,
          24547
        ],
        [
          12,
          23980
        ],
        [
          16,
          23723
        ],
        [
          24,
          23420
        ],
        [
          28,
          23350
        ],
        [
          29,
          22963
        ],
        [
          38,
          22769
        ],
        [
          52,
          22620
        ],
        [
          56,
          22230
        ],
        [
          59,
          22229
        ],
        [
          63,
          22161
        ],
        [
          68,
          22114
        ],
        [
          72,
          22045
        ],
        [
          75,
          22036
        ],
        [
          80,
          21589
        ],
        [
          100,
          21568
        ],
        [
          108,
          21490
        ],
        [
          112,
          21489
        ],
        [
          132,
          21453
        ],
        [
          144,
          21354
        ],
        [
          156,
          21292
        ],
        [
          4000,
          21292
        ]
      ],
      "avg_iter_time_non_exch_micros": 199.75867,
      "avg_iter_time_exch_micros": 342.57758,
      "duration_millis": 944
    },
    {
      "run_number": 2,
      "found_optimal_tour": false,
      "shortest_found_tour": 21292,
      "iteration_reached": 4000,
      "shortest_iteration_tours": [
        [
          1,
          24698
        ],
        [
          4,
          24544
        ],
        [
          5,
          24258
        ],
        [
          13,
          24091
        ],
        [
          22,
          24028
        ],
        [
          24,
          23743
        ],
        [
          26,
          23461
        ],
        [
          28,
          23051
        ],
        [
          34,
          22908
        ],
        [
          40,
          22703
        ],
        [
          44,
          22591
        ],
        [
          56,
          22150
        ],
        [
          92,
          21694
        ],
        [
          96,
          21656
        ],
        [
          104,
          21620
        ],
        [
          112,
          21539
        ],
        [
          127,
          21519
        ],
        [
          132,
          21457
        ],
        [
          152,
          21319
        ],
        [
          220,
          21292
        ],
        [
          4000,
          21292
        ]
      ],
      "avg_iter_time_non_exch_micros": 200.83667,
      "avg_iter_time_exch_micros": 336.35135,
      "duration_millis": 941
    },
    {
      "run_number": 3,
      "found_optimal_tour": false,
      "shortest_found_tour": 21292,
      "iteration_reached": 4000,
      "shortest_iteration_tours": [
        [
          1,
          24698
        ],
        [
          6,
          24412
        ],
        [
          9,
          24396
        ],
        [
          16,
          24142
        ],
        [
          17,
          24040
        ],
        [
          25,
          24030
        ],
        [
          26,
          23950
        ],
        [
          28,
          23693
        ],
        [
          32,
          23303
        ],
        [
          37,
          23130
        ],
        [
          48,
          22620
        ],
        [
          56,
          22584
        ],
        [
          60,
          22550
        ],
        [
          68,
          22522
        ],
        [
          76,
          22481
        ],
        [
          80,
          22382
        ],
        [
          84,
          22356
        ],
        [
          86,
          22355
        ],
        [
          88,
          22195
        ],
        [
          96,
          22177
        ],
        [
          100,
          22119
        ],
        [
          110,
          21966
        ],
        [
          112,
          21890
        ],
        [
          128,
          21791
        ],
        [
          148,
          21735
        ],
        [
          160,
          21648
        ],
        [
          192,
          21647
        ],
        [
          208,
          21586
        ],
        [
          226,
          21453
        ],
        [
          260,
          21391
        ],
        [
          296,
          21389
        ],
        [
          424,
          21292
        ],
        [
          4000,
          21292
        ]
      ],
      "avg_iter_time_non_exch_micros": 195.29767,
      "avg_iter_time_exch_micros": 395.49548,
      "duration_millis": 983
    },
    {
      "run_number": 4,
      "found_optimal_tour": false,
      "shortest_found_tour": 21379,
      "iteration_reached": 4000,